{
	"pages": [ //pages数组中第一项表示应用启动页，参考：https://uniapp.dcloud.io/collocation/pages
		{
			"path": "pages/login/login",
			"style": {
				"navigationBarTitleText": "uni-app"
			}
		},
		{
			"path": "pages/index/index",
			"style": {
				"navigationBarTitleText": "uni-app"
			}
		},
		{
			"path": "pages/register/register",
			"style": {
				"navigationBarTitleText": "uni-app"
			}
		}, {
			"path": "pages/info/info",
			"style": {
				"navigationBarTitleText": "",
				"enablePullDownRefresh": false
			}

		}, {
			"path": "pages/finishRide/finishRide",
			"style": {
				"navigationBarTitleText": "",
				"enablePullDownRefresh": false
			}

		}, {
			"path": "pages/complaint/complaint",
			"style": {
				"navigationBarTitleText": "",
				"enablePullDownRefresh": false
			}

		}, {
			"path": "pages/registerCar/registerCar",
			"style": {
				"navigationBarTitleText": "",
				"enablePullDownRefresh": false
			}

		}, {
			"path": "pages/AppriseList/AppriseList",
			"style": {
				"navigationBarTitleText": "",
				"enablePullDownRefresh": false
			}

		}, {
			"path": "pages/findRide/findRide",
			"style": {
				"navigationBarTitleText": "",
				"enablePullDownRefresh": false
			}

		}, {
			"path": "pages/ridePage/ridePage",
			"style": {
				"navigationBarTitleText": "",
				"enablePullDownRefresh": false
			}

		}


	],
	"globalStyle": {
		"navigationBarTextStyle": "black",
		"navigationBarTitleText": "uni-app",
		"navigationBarBackgroundColor": "#F8F8F8",
		"backgroundColor": "#F8F8F8"
	},
	"uniIdRouter": {},
	"tabBar": {
		"list": [{
				"pagePath": "pages/index/index",
				"iconPath": "static/logo.png",
				"selectedIconPath": "static/logo.png",
				"text": "寻找订单"
			},
			{
				"pagePath": "pages/info/info",
				"iconPath": "static/logo.png",
				"selectedIconPath": "static/logo.png",
				"text": "个人信息"
			}
		]
	}
}
